,EmployeeID,Salary
count,10.0,10.0
mean,105.5,58125.0
std,3.0276503540974917,5321.601680363201
min,101.0,50000.0
25%,103.25,55750.0
50%,105.5,58125.0
75%,107.75,61500.0
max,110.0,65000.0
